название,цена,ссылка
Торшер Грено-2 Оливковый Глянец,16 990,https://www.divan.ru/product/torsher-greno-2-olive-glossy
Подвесной светильник Рена Зеленый,4990,https://www.divan.ru/product/podvesnoj-svetilnik-rena-green
Настольная лампа Астри Черный,1990,https://www.divan.ru/product/nastolnaya-lampa-astri-black
Торшер Сигма Оранжевый Глянец,10 990,https://www.divan.ru/product/torsher-sigma-orange-glossy
Настольная лампа Сигма Оранжевый Глянец,5990,https://www.divan.ru/product/nastolnaya-lampa-sigma-orange-glossy
Подвесной светильник Бейла Белый,5990,https://www.divan.ru/product/podvesnoj-svetilnik-bejla-white
Бра Бабл Черный,3990,https://www.divan.ru/product/bra-babl-black
Настольная лампа Рэй Черный,4990,https://www.divan.ru/product/nastolnaya-lampa-rej-black
Подвесной светильник Бейла Черный,5331,https://www.divan.ru/product/podvesnoj-svetilnik-bejla-black
Торшер Грено-2 Бордовый Глянец,16 990,https://www.divan.ru/product/torsher-greno-2-bordo-glossy
Настольная лампа Требен Оранжевый,4990,https://www.divan.ru/product/nastolnaya-lampa-treben-orange
Торшер Сигма Оливковый Глянец,10 990,https://www.divan.ru/product/torsher-sigma-olive-glossy
Настольная лампа Алней Бежевый,5990,https://www.divan.ru/product/nastolnaya-lampa-alnej-beige
Подвесной светильник Исбит Прозрачный,7990,https://www.divan.ru/product/podvesnoj-svetilnik-isbit-transparent
Настольная лампа Сигма Золотистый,6990,https://www.divan.ru/product/nastolnaya-lampa-sigma-gold
Настольная лампа Снибальд Белый,990,https://www.divan.ru/product/nastolnaya-lampa-snibald-white
Настольная лампа Раффи Натуральный,6990,https://www.divan.ru/product/nastolnaya-lampa-raffi-round
Подвесной светильник Фюн Белый,4490,https://www.divan.ru/product/podvesnoj-svetilnik-fyun-white
Подвесной светильник Ферум Черный,3990,https://www.divan.ru/product/podvesnoj-svetilnik-ferum-black
Торшер Нидлс-2 Черный,15 990,https://www.divan.ru/product/torsher-nidls-2-black
Торшер Грено-2 Оранжевый Глянец,16 990,https://www.divan.ru/product/torsher-greno-2-orange-glossy
Настольная лампа Алней Черный,5990,https://www.divan.ru/product/nastolnaya-lampa-alnej-black
Торшер Алней Зеленый,9990,https://www.divan.ru/product/torsher-alnej-green
Подвесной светильник Тубули Древесный натуральный,2661,https://www.divan.ru/product/podvesnoj-svetilnik-tubuli-wood
Торшер Сигма Серебристый,12 990,https://www.divan.ru/product/torsher-sigma-silver
Настольная лампа Арбет Серебристый,3390,https://www.divan.ru/product/nastolnaya-lampa-arbet-silver
Подвесной светильник Скара Древесный натуральный,3990,https://www.divan.ru/product/podvesnoj-svetilnik-skara-wood
Подвесной светильник Селау-1 Прозрачный,4990,https://www.divan.ru/product/podvesnoj-svetilnik-selau-1-glass
Настольная лампа Машрум-2 Серый,4441,https://www.divan.ru/product/nastolnaya-lampa-mashrum-2-grey-old-11-08-2026
Подвесной светильник Сансет Белый,5990,https://www.divan.ru/product/podvesnoj-svetilnik-sanset-white
Подвесной светильник Чинкве Серый,5990,https://www.divan.ru/product/podvesnoj-svetilnik-chinkve-gray
Подвесной светильник Тубули-5 Древесный натуральный,11 561,https://www.divan.ru/product/podvesnoj-svetilnik-tubuli-5-wood
Подвесной светильник Чинкве Золотистый,5990,https://www.divan.ru/product/podvesnoj-svetilnik-chinkve-gold
Настольная лампа Астри Бежевый,1990,https://www.divan.ru/product/nastolnaya-lampa-astri-beige
Торшер Сигма Золотистый,12 990,https://www.divan.ru/product/torsher-sigma-gold
Светильник потолочный Лаго Белый,11 990,https://www.divan.ru/product/svetilnik-potolochnyj-lago-white
Торшер Грено-2 Серебристый,16 990,https://www.divan.ru/product/torsher-greno-2-silver
Подвесной светильник Ферум Серый,3551,https://www.divan.ru/product/podvesnoj-svetilnik-ferum-grey
Подвесной светильник Ферум Оранжевый,4990,https://www.divan.ru/product/podvesnoj-svetilnik-ferum-orange
Настольная лампа Нидлс Бежевый,6990,https://www.divan.ru/product/nastolnaya-lampa-nidls-raffia-beige
Торшер Алней Черный,9990,https://www.divan.ru/product/torsher-alnej-black
Подвесной светильник Бабл-3 Черный,7590,https://www.divan.ru/product/podvesnoj-svetilnik-babl-3
Светильник потолочный Ринга Черный,3990,https://www.divan.ru/product/svetilnik-potolochnyj-ringa-black
Люстра Ливсден Коричневый,18 990,https://www.divan.ru/product/lyustra-livsden-brown
Подвесной светильник Малинг Черный,6990,https://www.divan.ru/product/podvesnoj-svetilnik-maling-black
Подвесной светильник Отра Древесный натуральный,16 990,https://www.divan.ru/product/podvesnoj-svetilnik-otra-wood
Торшер Грено-2 Бежевый,14 990,https://www.divan.ru/product/torsher-greno-2-beige
Подвесной светильник Джамби-1 Натуральный,9990,https://www.divan.ru/product/podvesnoj-svetilnik-djambi-1-rattan
Настольная лампа Сигма Серебристый,6990,https://www.divan.ru/product/nastolnaya-lampa-sigma-silver
Подвесной светильник Нидлс Бежевый,6990,https://www.divan.ru/product/podvesnoj-svetilnik-nidls-beige
Торшер Ларри Бежевый,13 990,https://www.divan.ru/product/torsher-larri-beige
Торшер Гросс Белый,8990,https://www.divan.ru/product/torsher-gross-white
Торшер Ливсден-1 Зеленый,11 990,https://www.divan.ru/product/torsher-livsden-1-zeleniy
Торшер Рэй Черный,5990,https://www.divan.ru/product/torsher-rej-black
Настольная лампа Алней Оранжевый,5990,https://www.divan.ru/product/nastolnaya-lampa-alnej-orange
Торшер Алней Оранжевый,9990,https://www.divan.ru/product/torsher-alnej-orange
Торшер Сканди Белый,11 990,https://www.divan.ru/product/torsher-skandi-white
Настольная лампа Рибе Оранжевый,3990,https://www.divan.ru/product/nastolnaya-lampa-ribe-orange
Настольная лампа Сканди Белый,5990,https://www.divan.ru/product/nastolnaya-lampa-skandi-white
Настольная лампа Леррет Бежевый,5990,https://www.divan.ru/product/nastolnaya-lampa-lerret-beige
Торшер Осло Белый,17 990,https://www.divan.ru/product/torsher-oslo-white
Торшер Вена Черный,10 671,https://www.divan.ru/product/torsher-vena-black
Торшер Грено-2 Черный,14 990,https://www.divan.ru/product/torsher-greno-2-black
Торшер Клауд Белый,18 990,https://www.divan.ru/product/torsher-klaud-white
Настольная лампа Машрум-2 Золотистый,5990,https://www.divan.ru/product/nastolnaya-lampa-mashrum-2-gold
Настольная лампа Машрум-2 Розовый,4990,https://www.divan.ru/product/nastolnaya-lampa-mashrum-2-pink
Настольная лампа Машрум-2 Оливковый,4990,https://www.divan.ru/product/nastolnaya-lampa-mashrum-2-green
Торшер Ларри Оливковый,13 990,https://www.divan.ru/product/torsher-larri-green
Настольная лампа Нидлс-3 Бежевый,4990,https://www.divan.ru/product/nastolnaya-lampa-nidls-3-beige
Торшер Нидлс-2 Бежевый,15 990,https://www.divan.ru/product/torsher-nidls-2-beige
Подвесной светильник Кронор Черный,7990,https://www.divan.ru/product/podvesnoj-svetilnik-kronor-black
Торшер Бьйорк Белый,11 990,https://www.divan.ru/product/torsher-bjork-white
Торшер Ларри Черный,13 990,https://www.divan.ru/product/torsher-larri-black
Торшер Нидлс Бежевый,16 990,https://www.divan.ru/product/torsher-nidls-khaki
Торшер Алней-1 Бежевый,7990,https://www.divan.ru/product/torsher-alnej-1-beige
Настольная лампа Нидлс-2 Бежевый,3990,https://www.divan.ru/product/nastolnaya-lampa-nidls-2-beige
Настольная лампа Требен Белый,3990,https://www.divan.ru/product/nastolnaya-lampa-treben-white
Настольная лампа Машрум-2 Серебристый,5990,https://www.divan.ru/product/nastolnaya-lampa-mashrum-2-silver
Настольная лампа Сфера Оранжевый,5990,https://www.divan.ru/product/nastolnaya-lampa-sfera-orange
Алней-1 Оранжевый,8990,https://www.divan.ru/product/torsher-alnej-1-orange
Алней Бежевый,9990,https://www.divan.ru/product/torsher-alnej-beige
Машрум-2 Черный,4990,https://www.divan.ru/product/nastolnaya-lampa-mashrum-2-black
Машрум-2 Серый,4990,https://www.divan.ru/product/nastolnaya-lampa-mashrum-2-grey
Кэндел Черный,3990,https://www.divan.ru/product/podvesnoj-svetilnik-kendel-black
Бинду Бежевый,16990,https://www.divan.ru/product/torsher-bindu-beige
Подвесной светильник Портланд Черный,3990,https://www.divan.ru/product/podvesnoj-svetilnik-portland-black
Торшер Ральф Белый,14 990,https://www.divan.ru/product/torsher-ralf-white
Подвесной светильник Нидлс Бежевый,5990,https://www.divan.ru/product/podvesnoj-svetilnik-nidls-beige-old-11-08-2026
Люстра Синдри Черный,14 990,https://www.divan.ru/product/lyustra-sindri-black
Настольная лампа Арбет Белый,2690,https://www.divan.ru/product/nastolnaya-lampa-arbet-white
Подвесной светильник Ливсден Коричневый,4990,https://www.divan.ru/product/podvesnoj-svetilnik-livsden-brown
Торшер Ральф Бежевый,14 990,https://www.divan.ru/product/torsher-ralf-beige
Торшер Варио Белый,7990,https://www.divan.ru/product/torsher-vario-white
Настольная лампа Арвика Древесный натуральный,5990,https://www.divan.ru/product/nastolnaya-lampa-arvika-wood
Бра Смастен Черный,4990,https://www.divan.ru/product/bra-smasten-black
Подвесной светильник Рена Белый,3990,https://www.divan.ru/product/podvesnoj-svetilnik-rena-white
Люстра Флиммер Черный,8990,https://www.divan.ru/product/lyustra-flimmer-black
Подвесной светильник Инлада Древесный натуральный,9990,https://www.divan.ru/product/podvesnoj-svetilnik-inlada-wood
Подвесной светильник Кэндел Белый,3990,https://www.divan.ru/product/podvesnoj-svetilnik-kendel-white
Подвесной светильник Бенфлит Черный,6990,https://www.divan.ru/product/podvesnoj-svetilnik-benflit-black
Подвесной светильник Селау-2 Прозрачный,3990,https://www.divan.ru/product/podvesnoj-svetilnik-selau-2-glass
Подвесной светильник Чинкве Серебристый,5331,https://www.divan.ru/product/podvesnoj-svetilnik-chinkve-silver
Подвесной светильник Гронтри Древесный натуральный,10 990,https://www.divan.ru/product/podvesnoj-svetilnik-grontri-wood
Подвесной светильник Джамби Натуральный,13 990,https://www.divan.ru/product/podvesnoj-svetilnik-djambi-rattan
Настольная лампа Дэнди Белый,5990,https://www.divan.ru/product/nastolnaya-lampa-dendi-white
Подвесной светильник Квина Черный,6990,https://www.divan.ru/product/podvesnoj-svetilnik-kvina-black
Подвесной светильник Селау Прозрачный,5990,https://www.divan.ru/product/podvesnoj-svetilnik-selau-glass
Торшер Алней-1 Черный,7990,https://www.divan.ru/product/torsher-alnej-1-black
Светильник потолочный Орхус Черный,16 990,https://www.divan.ru/product/svetilnik-potolochnyj-orhus-black
Подвесной светильник Гронтри-2 Древесный натуральный,13 990,https://www.divan.ru/product/podvesnoj-svetilnik-grontri-2-wood
Подвесной светильник Арвика Древесный натуральный,7990,https://www.divan.ru/product/podvesnoj-svetilnik-arvika-wood
Бра Варио Черный,1990,https://www.divan.ru/product/bra-vario-black
Подвесной светильник Намсен Черный,10 990,https://www.divan.ru/product/podvesnoj-svetilnik-namsen-black
Подвесной светильник Кронор Белый,7990,https://www.divan.ru/product/podvesnoj-svetilnik-kronor-white
Настольная лампа Дэнди Черный,5990,https://www.divan.ru/product/nastolnaya-lampa-dendi-black
Подвесной светильник Бьйорк Белый,7990,https://www.divan.ru/product/podvesnoj-svetilnik-bjork-white
Торшер Алней-1 Зеленый,7990,https://www.divan.ru/product/torsher-alnej-1-green
Торшер Раффи Натуральный,12 990,https://www.divan.ru/product/torsher-raffi-round
Торшер Алней Бежевый,8891,https://www.divan.ru/product/torsher-alnej-beige-old-11-08-2026
Настольная лампа Сканди Белый,5990,https://www.divan.ru/product/nastolnaya-lampa-skandi-white-old-11-08-2026
Настольная лампа Гросс Белый,4990,https://www.divan.ru/product/nastolnaya-lampa-gross-white
Торшер Осло Черный,16 990,https://www.divan.ru/product/torsher-oslo-black
Торшер Вена Бежевый,11 990,https://www.divan.ru/product/torsher-vena-beige
Настольная лампа Клауд Белый,14 231,https://www.divan.ru/product/nastolnaya-lampa-klaud-white
Настольная лампа Сфера Черный,5990,https://www.divan.ru/product/nastolnaya-lampa-sfera-black
Торшер Осло Белый,16 011,https://www.divan.ru/product/torsher-oslo-white-old-11-08-2026
Торшер Алней Оранжевый,9990,https://www.divan.ru/product/torsher-alnej-orange-old-11-08-2026
Настольная лампа Алней Зеленый,5990,https://www.divan.ru/product/nastolnaya-lampa-alnej-green
Торшер Сканди Белый,11 990,https://www.divan.ru/product/torsher-skandi-white-old-11-08-2026
Торшер Ларри Бежевый,13 990,https://www.divan.ru/product/torsher-larri-beige-old-11-08-2026
Торшер Ливсден Зеленый,11 990,https://www.divan.ru/product/torsher-livsden-brown
Настольная лампа Синдри Серый,4990,https://www.divan.ru/product/nastolnaya-lampa-sindri-grey
Настольная лампа Сигма Оливковый Глянец,5990,https://www.divan.ru/product/nastolnaya-lampa-sigma-olive-glossy
