название,цена
Льери Мини Велюр Молочный,59621
Осман Шенилл Оливковый,24990
Слипсон-П Велюр Молочный,69990
Эдвин Велюр Коричневый,85990
Плоу Шенилл Оливковый,25990
Филс Велюр Терракотовый,44990
Милос Шенилл Молочный,24990
Филс-Мини 120 Велюр Оливковый,29990
Спейс Велюр Серый,62291
Рофл Мех Белый/Розовый,25990
Тут Рядом Обнимаемся 140 Вельвет Розовый,59990
Салми Велюр Бежевый,22990
Арклоу Мех Молочный,54990
Витал Рогожка Серый,24990
Массе-М Мини Велюр Синий,52990
Джимс Шенилл Зеленый,8990
Кленс Велюр Бежевый,13990
Лилт Букле Серый,88990
Кирмас-3 Велюр Терракотовый,71990
Нумо Велюр Серый,39987
Тилар Мех Молочный,34990
Спейс Велюр Оливковый,62291
Брувис Рогожка Терракотовый,12990
Виена Велюр Молочный,56061
Аронт Мини Велюр Светло-серый,62990
Я не минималист Мех Серо-голубой,60990
Эдвин-4 Букле Молочный,259990
Филс-Мини 140 Велюр Бежевый,34990
Джимс Шенилл Терракотовый,8990
Ланси Шерсть Белый,7990
Виенсо Букле Молочный,89990
Виена Велюр Оливковый,56061
Кессен Велюр Графитовый,24990
Брувис Рогожка Зеленый,12990
Вайвел-П Шенилл Белый,80091
Хоши Шенилл Молочный,9990
Нумо-Мини 120 Рогожка Кремовый,30653
Мелоу Велюр Бежевый,59990
Данго Букле Молочный,46990
Навис Рогожка Бежевый,14990
Виена Велюр Светло-серый,56061
Тут Рядом Обнимаемся Велюр Коричневый,41990
Аронт Мини Велюр Оливковый,66990
Рофл Вельвет Светло-серый,24990
Льери Мини Велюр Горчичный,59621
Вальтер-2 Шенилл Серый,244990
Тут Рядом Мечта Сине-бежевое,21990
Кенсол Велюр Серый,17990
